ts_code,open,high,low,close,pre_close,change,pct_chg,vol,amount
000166.SZ,5.59,5.61,5.35,5.35,5.59,-0.24,-4.2934,1218712.76,666714.783
000166.SZ,5.53,5.62,5.51,5.59,5.53,0.06,1.085,1101616.83,614385.63
000166.SZ,5.44,5.63,5.43,5.53,5.43,0.1,1.8416,1771079.43,980038.521
000166.SZ,5.48,5.48,5.42,5.43,5.49,-0.06,-1.0929,700651.45,381392.376
000166.SZ,5.49,5.51,5.42,5.49,5.49,0.0,0.0,726488.09,396767.37
000166.SZ,5.36,5.51,5.36,5.49,5.36,0.13,2.4254,1162159.31,633714.3
000166.SZ,5.41,5.46,5.35,5.36,5.41,-0.05,-0.9242,708081.73,382933.436
000166.SZ,5.37,5.45,5.35,5.41,5.37,0.04,0.7449,676512.53,365336.906
000166.SZ,5.35,5.38,5.3,5.37,5.38,-0.01,-0.1859,718081.98,383809.643
000166.SZ,5.37,5.46,5.36,5.38,5.35,0.03,0.5607,829136.18,448861.781
000166.SZ,5.36,5.41,5.33,5.37,5.38,-0.01,-0.1859,736214.43,395701.789
000166.SZ,5.42,5.44,5.35,5.38,5.44,-0.06,-1.1029,762630.97,410829.784
000166.SZ,5.53,5.53,5.41,5.44,5.58,-0.14,-2.509,1272804.77,695936.316
000166.SZ,5.52,5.62,5.49,5.58,5.51,0.07,1.2704,1077370.02,597864.164
000166.SZ,5.47,5.54,5.46,5.51,5.48,0.03,0.5474,855580.68,471722.158
000166.SZ,5.7,5.72,5.46,5.48,5.45,0.03,0.5505,1510844.49,841455.144
000166.SZ,5.5,5.53,5.4,5.45,5.52,-0.07,-1.2681,863548.08,472193.955
000166.SZ,5.43,5.55,5.4,5.52,5.43,0.09,1.6575,1136925.68,624852.687
000166.SZ,5.36,5.45,5.35,5.43,5.38,0.05,0.9294,772574.6,418519.857
000166.SZ,5.42,5.46,5.35,5.38,5.44,-0.06,-1.1029,749272.11,404953.023
000166.SZ,5.43,5.47,5.37,5.44,5.44,0.0,0.0,884229.3,478497.467
000166.SZ,5.32,5.46,5.31,5.44,5.36,0.08,1.4925,1108698.33,600203.173
000166.SZ,5.3,5.51,5.28,5.36,5.31,0.05,0.9416,1435767.71,773779.949
000166.SZ,5.35,5.38,5.3,5.31,5.35,-0.04,-0.7477,685902.2,366080.7
000166.SZ,5.26,5.35,5.22,5.35,5.27,0.08,1.518,816785.38,431764.723
000166.SZ,5.26,5.36,5.25,5.27,5.27,0.0,0.0,646150.97,342333.992
000166.SZ,5.28,5.3,5.19,5.27,5.28,-0.01,-0.1894,873650.05,459467.752
000166.SZ,5.51,5.52,5.26,5.28,5.52,-0.24,-4.3478,1113389.01,601128.917
000166.SZ,5.49,5.54,5.45,5.52,5.49,0.03,0.5464,852590.1,468768.714
000166.SZ,5.47,5.53,5.43,5.49,5.51,-0.02,-0.363,802396.8,440177.353
000166.SZ,5.45,5.51,5.38,5.51,5.44,0.07,1.2868,1010462.94,551126.514
000166.SZ,5.45,5.56,5.37,5.44,5.44,0.0,0.0,1353451.83,740126.802
000166.SZ,5.63,5.72,5.44,5.44,5.66,-0.22,-3.8869,1553320.9,866071.09
000166.SZ,5.66,5.78,5.62,5.66,5.69,-0.03,-0.5272,1335941.78,761869.983
000166.SZ,5.65,5.74,5.58,5.69,5.68,0.01,0.1761,1313191.39,743357.817
000166.SZ,5.77,5.87,5.63,5.68,5.8,-0.12,-2.069,1626187.91,935889.769
000166.SZ,5.77,5.83,5.69,5.8,5.85,-0.05,-0.8547,1896193.23,1092760.265
000166.SZ,6.11,6.12,5.83,5.85,5.99,-0.14,-2.3372,2648430.75,1572259.526
000166.SZ,5.6,6.04,5.59,5.99,5.66,0.33,5.8304,3328727.55,1936954.878
000166.SZ,5.73,5.82,5.61,5.66,5.69,-0.03,-0.5272,2889984.92,1650535.861
000166.SZ,5.52,5.74,5.43,5.69,5.51,0.18,3.2668,2916177.88,1644102.519
000166.SZ,5.34,5.52,5.31,5.51,5.29,0.22,4.1588,2119315.83,1151202.422
000166.SZ,5.34,5.41,5.28,5.29,5.33,-0.04,-0.7505,1739647.71,929593.307
000166.SZ,5.23,5.41,5.22,5.33,5.23,0.1,1.912,2276986.94,1214916.462
000166.SZ,5.24,5.27,5.17,5.23,5.23,0.0,0.0,1096470.36,572239.968
000166.SZ,5.34,5.4,5.21,5.23,5.32,-0.09,-1.6917,1552001.66,821707.639
000166.SZ,5.29,5.32,5.26,5.32,5.3,0.02,0.3774,1151077.07,609325.234
000166.SZ,5.26,5.37,5.25,5.3,5.26,0.04,0.7605,1421135.97,753717.623
000166.SZ,5.26,5.32,5.21,5.26,5.29,-0.03,-0.5671,1198401.69,631102.393
000166.SZ,5.29,5.4,5.23,5.29,5.28,0.01,0.1894,1991828.22,1059064.439
000166.SZ,5.24,5.31,5.23,5.28,5.25,0.03,0.5714,1419670.17,746876.838
000166.SZ,5.32,5.32,5.2,5.25,5.35,-0.1,-1.8692,2183373.94,1147991.251
000166.SZ,5.07,5.6,5.03,5.35,5.1,0.25,4.902,3539925.02,1869028.646
000166.SZ,5.2,5.32,5.09,5.1,5.13,-0.03,-0.5848,1873660.44,974587.225
000166.SZ,5.07,5.22,5.06,5.13,5.14,-0.01,-0.1946,1602517.4,824254.343
000166.SZ,5.29,5.31,5.13,5.14,5.32,-0.18,-3.3835,1671630.63,875568.172
000166.SZ,5.34,5.36,5.11,5.32,5.35,-0.03,-0.5607,2558062.74,1344887.997
000166.SZ,5.41,5.49,5.28,5.35,5.5,-0.15,-2.7273,2597780.82,1396884.899
000166.SZ,5.75,5.84,5.4,5.5,5.67,-0.17,-2.9982,4000989.66,2232578.226
000166.SZ,6.27,6.44,5.66,5.67,6.29,-0.62,-9.8569,7848546.94,4791308.639
000166.SZ,6.29,6.29,6.29,6.29,5.72,0.57,9.965,1348109.11,847960.63
000166.SZ,5.63,5.72,5.35,5.72,5.2,0.52,10.0,4940834.52,2773797.738
000166.SZ,4.94,5.2,4.83,5.2,4.84,0.36,7.438,2815061.88,1408962.866
000166.SZ,4.63,4.85,4.61,4.84,4.65,0.19,4.086,1684947.79,795750.757
000166.SZ,4.59,4.77,4.59,4.65,4.52,0.13,2.8761,1709435.44,800688.365
000166.SZ,4.28,4.53,4.26,4.52,4.24,0.28,6.6038,1432535.88,632003.388
000166.SZ,4.24,4.26,4.21,4.24,4.24,0.0,0.0,446519.03,189292.583
000166.SZ,4.23,4.26,4.17,4.24,4.23,0.01,0.2364,583747.13,246283.436
000166.SZ,4.22,4.28,4.19,4.23,4.2,0.03,0.7143,557043.99,235971.805
000166.SZ,4.23,4.23,4.16,4.2,4.23,-0.03,-0.7092,427171.54,179144.271
000166.SZ,4.24,4.28,4.22,4.23,4.23,0.0,0.0,388543.94,165064.402
000166.SZ,4.25,4.27,4.21,4.23,4.25,-0.02,-0.4706,347901.2,147533.097
000166.SZ,4.29,4.31,4.22,4.25,4.31,-0.06,-1.3921,402190.59,171326.815
000166.SZ,4.36,4.37,4.27,4.31,4.35,-0.04,-0.9195,496188.47,213876.346
000166.SZ,4.34,4.43,4.33,4.35,4.41,-0.06,-1.3605,609766.75,266591.873
000166.SZ,4.37,4.47,4.32,4.41,4.31,0.1,2.3202,1029039.79,453524.847
000166.SZ,4.3,4.33,4.26,4.31,4.3,0.01,0.2326,423497.97,181862.044
000166.SZ,4.25,4.32,4.25,4.3,4.27,0.03,0.7026,612229.78,263010.458
000166.SZ,4.23,4.3,4.22,4.27,4.2,0.07,1.6667,867610.73,369686.2
000166.SZ,4.5,4.5,4.2,4.2,4.52,-0.32,-7.0796,1382027.39,590317.081
000166.SZ,4.47,4.57,4.46,4.52,4.47,0.05,1.1186,794055.98,359779.007
000166.SZ,4.46,4.54,4.46,4.47,4.47,0.0,0.0,480909.0,216290.736
000166.SZ,4.5,4.51,4.45,4.47,4.5,-0.03,-0.6667,346860.24,155393.436
000166.SZ,4.53,4.54,4.47,4.5,4.53,-0.03,-0.6623,316003.67,142199.419
000166.SZ,4.55,4.58,4.5,4.53,4.55,-0.02,-0.4396,454676.79,206605.129
000166.SZ,4.52,4.57,4.5,4.55,4.5,0.05,1.1111,423177.05,191901.054
000166.SZ,4.56,4.58,4.5,4.5,4.55,-0.05,-1.0989,443935.73,201390.271
000166.SZ,4.56,4.6,4.52,4.55,4.53,0.02,0.4415,483797.67,220710.215
000166.SZ,4.59,4.6,4.52,4.53,4.57,-0.04,-0.8753,500027.7,227997.809
000166.SZ,4.62,4.65,4.61,4.63,4.62,0.01,0.2165,441123.28,204180.015
000166.SZ,4.6,4.64,4.58,4.62,4.6,0.02,0.4348,513909.67,237206.378
000166.SZ,4.6,4.67,4.56,4.6,4.62,-0.02,-0.4329,675829.69,312232.997
000166.SZ,4.63,4.66,4.61,4.62,4.63,-0.01,-0.216,415467.55,192389.648
000166.SZ,4.59,4.64,4.56,4.63,4.58,0.05,1.0917,400946.59,184417.788
000166.SZ,4.57,4.59,4.55,4.58,4.58,0.0,0.0,296532.61,135537.986
000166.SZ,4.6,4.62,4.56,4.58,4.59,-0.01,-0.2179,369022.34,169319.267
000166.SZ,4.55,4.62,4.54,4.59,4.55,0.04,0.8791,510532.73,233992.252
000166.SZ,4.54,4.58,4.51,4.55,4.52,0.03,0.6637,399258.57,181356.628
000166.SZ,4.55,4.59,4.49,4.52,4.54,-0.02,-0.4405,453427.88,205365.9
000166.SZ,4.56,4.61,4.53,4.54,4.57,-0.03,-0.6565,623778.44,284853.016
000166.SZ,4.61,4.65,4.56,4.57,4.63,-0.06,-1.2959,618600.05,284269.632
000166.SZ,4.55,4.64,4.53,4.63,4.58,0.05,1.0917,1157218.32,532199.788
000166.SZ,4.41,4.62,4.4,4.58,4.42,0.16,3.6199,1277347.35,578945.943
000166.SZ,4.41,4.42,4.37,4.42,4.4,0.02,0.4545,466777.86,205266.428
000166.SZ,4.36,4.43,4.36,4.4,4.36,0.04,0.9174,512328.96,225681.303
000166.SZ,4.33,4.39,4.32,4.36,4.31,0.05,1.1601,548911.52,239265.621
000166.SZ,4.3,4.35,4.29,4.31,4.3,0.01,0.2326,466746.29,201764.333
000166.SZ,4.3,4.34,4.28,4.3,4.33,-0.03,-0.6928,422305.93,181943.445
000166.SZ,4.36,4.4,4.32,4.33,4.36,-0.03,-0.6881,528175.2,230484.49
000166.SZ,4.4,4.43,4.33,4.36,4.38,-0.02,-0.4566,540396.38,236454.247
000166.SZ,4.34,4.39,4.32,4.38,4.34,0.04,0.9217,562064.29,245409.053
000166.SZ,4.32,4.35,4.27,4.34,4.32,0.02,0.463,534047.07,230764.268
000166.SZ,4.31,4.35,4.31,4.32,4.31,0.01,0.232,451428.05,195412.677
000166.SZ,4.29,4.35,4.28,4.31,4.29,0.02,0.4662,476932.93,206134.634
000166.SZ,4.28,4.32,4.27,4.29,4.28,0.01,0.2336,320874.06,137873.917
000166.SZ,4.29,4.3,4.25,4.28,4.29,-0.01,-0.2331,375562.84,160740.642
000166.SZ,4.3,4.33,4.26,4.29,4.26,0.03,0.7042,563668.21,242407.147
000166.SZ,4.21,4.29,4.2,4.26,4.22,0.04,0.9479,532787.26,226848.234
000166.SZ,4.21,4.25,4.16,4.22,4.19,0.03,0.716,604262.74,254589.721
000166.SZ,4.25,4.28,4.18,4.19,4.26,-0.07,-1.6432,506441.65,214106.174
000166.SZ,4.28,4.31,4.24,4.26,4.28,-0.02,-0.4673,565071.63,241054.294
000166.SZ,4.33,4.35,4.27,4.28,4.33,-0.05,-1.1547,433529.68,186505.102
000166.SZ,4.37,4.39,4.32,4.33,4.35,-0.02,-0.4598,342370.42,148742.955
000166.SZ,4.32,4.41,4.32,4.35,4.32,0.03,0.6944,606918.47,265463.003
000166.SZ,4.31,4.34,4.24,4.32,4.31,0.01,0.232,557575.38,240039.117
000166.SZ,4.39,4.43,4.29,4.31,4.4,-0.09,-2.0455,860324.88,375462.55
000166.SZ,4.41,4.44,4.38,4.4,4.41,-0.01,-0.2268,463282.84,204267.191
000166.SZ,4.33,4.42,4.33,4.41,4.33,0.08,1.8476,557087.31,244119.139
000166.SZ,4.41,4.42,4.33,4.33,4.4,-0.07,-1.5909,582353.44,254322.71
000166.SZ,4.46,4.48,4.4,4.4,4.47,-0.07,-1.566,488026.74,216355.085
000166.SZ,4.5,4.52,4.45,4.47,4.5,-0.03,-0.6667,583266.79,261078.221
000166.SZ,4.53,4.55,4.48,4.5,4.54,-0.04,-0.8811,402380.81,181354.911
000166.SZ,4.55,4.57,4.53,4.54,4.54,0.0,0.0,444068.93,201976.681
000166.SZ,4.54,4.58,4.52,4.54,4.55,-0.01,-0.2198,533491.9,242741.136
000166.SZ,4.46,4.55,4.44,4.55,4.5,0.05,1.1111,881957.65,398247.495
000166.SZ,4.44,4.51,4.35,4.5,4.45,0.05,1.1236,1169371.79,518574.99
000166.SZ,4.43,4.48,4.42,4.45,4.43,0.02,0.4515,465724.0,207337.219
000166.SZ,4.45,4.46,4.41,4.43,4.45,-0.02,-0.4494,419219.1,185695.718
000166.SZ,4.47,4.51,4.45,4.45,4.49,-0.04,-0.8909,459175.7,205482.925
000166.SZ,4.47,4.49,4.4,4.49,4.47,0.02,0.4474,590194.45,263217.216
000166.SZ,4.49,4.52,4.45,4.47,4.49,-0.02,-0.4454,573621.11,256725.114
000166.SZ,4.48,4.54,4.45,4.49,4.48,0.01,0.2232,651858.31,293719.496
000166.SZ,4.55,4.57,4.46,4.48,4.56,-0.08,-1.7544,771243.55,347520.066
000166.SZ,4.55,4.59,4.52,4.56,4.55,0.01,0.2198,569944.48,259772.438
000166.SZ,4.56,4.61,4.54,4.55,4.55,0.0,0.0,486820.14,222585.94
000166.SZ,4.56,4.58,4.52,4.55,4.56,-0.01,-0.2193,383874.81,174697.931
000166.SZ,4.53,4.59,4.53,4.56,4.55,0.01,0.2198,382161.61,174502.607
000166.SZ,4.6,4.61,4.53,4.55,4.6,-0.05,-1.087,415254.61,189643.498
000166.SZ,4.54,4.61,4.53,4.6,4.54,0.06,1.3216,558024.93,255174.183
000166.SZ,4.58,4.61,4.53,4.54,4.59,-0.05,-1.0893,450651.47,206345.068
000166.SZ,4.64,4.64,4.57,4.59,4.64,-0.05,-1.0776,596324.18,274291.512
000166.SZ,4.65,4.66,4.62,4.64,4.64,0.0,0.0,464539.61,215558.47
000166.SZ,4.65,4.66,4.62,4.64,4.65,-0.01,-0.2151,517030.21,239818.98
000166.SZ,4.67,4.71,4.65,4.65,4.66,-0.01,-0.2146,694881.37,325085.491
000166.SZ,4.6,4.68,4.58,4.66,4.6,0.06,1.3043,571632.41,264600.322
000166.SZ,4.62,4.65,4.58,4.6,4.61,-0.01,-0.2169,528847.6,244045.495
000166.SZ,4.73,4.74,4.61,4.61,4.71,-0.1,-2.1231,689820.42,321093.28
000166.SZ,4.71,4.72,4.66,4.71,4.7,0.01,0.2128,616588.9,289165.841
000166.SZ,4.68,4.73,4.62,4.7,4.69,0.01,0.2132,714378.35,334268.938
000166.SZ,4.64,4.7,4.64,4.69,4.64,0.05,1.0776,677100.17,316499.66
000166.SZ,4.62,4.66,4.62,4.64,4.61,0.03,0.6508,604785.18,280573.949
000166.SZ,4.66,4.68,4.6,4.61,4.67,-0.06,-1.2848,684124.53,316648.487
000166.SZ,4.68,4.69,4.64,4.67,4.68,-0.01,-0.2137,768181.52,358158.704
000166.SZ,4.75,4.78,4.67,4.68,4.7,-0.02,-0.4255,1052862.32,496527.206
000166.SZ,4.75,4.77,4.67,4.7,4.78,-0.08,-1.6736,967071.21,455619.16
000166.SZ,4.81,4.86,4.75,4.78,4.8,-0.02,-0.4167,1758614.69,844366.275
000166.SZ,4.71,4.82,4.61,4.8,4.58,0.22,4.8035,2077832.44,978579.57
000166.SZ,4.53,4.6,4.51,4.58,4.55,0.03,0.6593,506067.59,230993.753
000166.SZ,4.56,4.58,4.52,4.55,4.56,-0.01,-0.2193,478637.07,217549.931
000166.SZ,4.58,4.59,4.55,4.56,4.57,-0.01,-0.2188,474592.12,216737.228
000166.SZ,4.55,4.63,4.55,4.57,4.56,0.01,0.2193,626558.84,287695.192
000166.SZ,4.52,4.62,4.51,4.56,4.54,0.02,0.4405,882896.23,403457.931
000166.SZ,4.45,4.58,4.44,4.54,4.46,0.08,1.7937,1018573.28,460527.745
000166.SZ,4.44,4.47,4.38,4.46,4.44,0.02,0.4505,851769.16,376764.538
000166.SZ,4.46,4.5,4.42,4.44,4.47,-0.03,-0.6711,793229.2,353695.891
000166.SZ,4.33,4.48,4.33,4.47,4.35,0.12,2.7586,816589.35,361876.587
000166.SZ,4.43,4.44,4.34,4.35,4.43,-0.08,-1.8059,529524.45,232184.693
000166.SZ,4.42,4.48,4.41,4.43,4.44,-0.01,-0.2252,536022.78,238312.858
000166.SZ,4.46,4.48,4.4,4.44,4.46,-0.02,-0.4484,563215.5,250270.774
000166.SZ,4.49,4.51,4.45,4.46,4.49,-0.03,-0.6682,529866.1,237361.552
000166.SZ,4.51,4.54,4.45,4.49,4.53,-0.04,-0.883,666202.32,299775.566
000166.SZ,4.5,4.54,4.5,4.53,4.51,0.02,0.4435,453144.26,205053.28
000166.SZ,4.53,4.58,4.5,4.51,4.53,-0.02,-0.4415,732877.31,332236.524
000166.SZ,4.49,4.54,4.48,4.53,4.46,0.07,1.5695,705024.25,318775.707
000166.SZ,4.4,4.46,4.4,4.46,4.42,0.04,0.905,600257.86,265717.413
000166.SZ,4.43,4.47,4.38,4.42,4.45,-0.03,-0.6742,715912.66,316175.57
000166.SZ,4.46,4.5,4.43,4.45,4.47,-0.02,-0.4474,503933.46,224950.065
000166.SZ,4.45,4.49,4.42,4.47,4.45,0.02,0.4494,492171.26,218999.423
000166.SZ,4.48,4.51,4.44,4.45,4.5,-0.05,-1.1111,666084.03,297890.838
000166.SZ,4.56,4.57,4.47,4.5,4.57,-0.07,-1.5317,600059.5,270979.178
000166.SZ,4.59,4.61,4.55,4.57,4.56,0.01,0.2193,612466.03,280524.464
000166.SZ,4.59,4.59,4.53,4.56,4.57,-0.01,-0.2188,488906.35,222898.937
000166.SZ,4.61,4.61,4.56,4.57,4.6,-0.03,-0.6522,619958.38,284083.573
000166.SZ,4.54,4.62,4.53,4.6,4.51,0.09,1.9956,1002416.41,458988.084
000166.SZ,4.49,4.54,4.44,4.51,4.49,0.02,0.4454,646532.52,289858.599
000166.SZ,4.52,4.55,4.47,4.49,4.52,-0.03,-0.6637,550462.52,248094.585
000166.SZ,4.58,4.59,4.51,4.52,4.58,-0.06,-1.31,480465.81,217885.629
000166.SZ,4.58,4.62,4.55,4.58,4.57,0.01,0.2188,675870.79,309445.442
000166.SZ,4.5,4.57,4.5,4.57,4.48,0.09,2.0089,896395.22,407703.324
000166.SZ,4.48,4.5,4.45,4.48,4.48,0.0,0.0,422487.98,189120.107
000166.SZ,4.52,4.55,4.48,4.48,4.52,-0.04,-0.885,653077.35,294704.565
000166.SZ,4.51,4.57,4.49,4.52,4.51,0.01,0.2217,624250.77,282355.334
000166.SZ,4.51,4.53,4.49,4.51,4.52,-0.01,-0.2212,648012.04,292066.611
000166.SZ,4.58,4.59,4.5,4.52,4.56,-0.04,-0.8772,754273.6,341765.93
000166.SZ,4.57,4.59,4.52,4.56,4.58,-0.02,-0.4367,818005.45,372034.239
000166.SZ,4.49,4.58,4.49,4.58,4.52,0.06,1.3274,893540.85,405278.938
000166.SZ,4.58,4.67,4.51,4.52,4.57,-0.05,-1.0941,1261873.56,580364.167
000166.SZ,4.49,4.57,4.49,4.57,4.51,0.06,1.3304,817936.3,370843.91
000166.SZ,4.53,4.58,4.51,4.51,4.54,-0.03,-0.6608,781328.44,354454.974
000166.SZ,4.54,4.56,4.5,4.54,4.55,-0.01,-0.2198,704438.0,319225.133
000166.SZ,4.49,4.55,4.48,4.55,4.5,0.05,1.1111,750401.66,339016.175
000166.SZ,4.46,4.56,4.41,4.5,4.46,0.04,0.8969,1020408.85,459458.523
000166.SZ,4.39,4.47,4.37,4.46,4.4,0.06,1.3636,892709.3,395128.85
000166.SZ,4.45,4.45,4.36,4.4,4.48,-0.08,-1.7857,1215090.15,533460.272
000166.SZ,4.54,4.58,4.43,4.48,4.53,-0.05,-1.1038,1599313.99,717662.997
000166.SZ,4.5,4.57,4.46,4.53,4.5,0.03,0.6667,1509270.98,681325.48
000166.SZ,4.26,4.54,4.23,4.5,4.29,0.21,4.8951,1359357.27,600847.221
000166.SZ,4.34,4.4,4.21,4.29,4.33,-0.04,-0.9238,1146458.08,493743.856
000166.SZ,4.36,4.41,4.21,4.33,4.35,-0.02,-0.4598,954338.38,414381.506
000166.SZ,4.36,4.43,4.34,4.35,4.37,-0.02,-0.4577,748209.04,327699.818
000166.SZ,4.41,4.45,4.35,4.37,4.41,-0.04,-0.907,723678.87,318595.726
000166.SZ,4.43,4.5,4.4,4.41,4.47,-0.06,-1.3423,646340.81,287787.289
000166.SZ,4.44,4.52,4.43,4.47,4.44,0.03,0.6757,956364.68,427827.639
000166.SZ,4.41,4.47,4.37,4.44,4.43,0.01,0.2257,1032423.55,456506.415
000166.SZ,4.3,4.43,4.29,4.43,4.32,0.11,2.5463,1164086.11,509220.631
000166.SZ,4.2,4.36,4.16,4.32,4.18,0.14,3.3493,987353.71,420174.328
000166.SZ,4.13,4.21,4.08,4.18,4.13,0.05,1.2107,631153.26,262025.549
000166.SZ,4.18,4.26,4.09,4.13,4.17,-0.04,-0.9592,952737.98,400750.125
000166.SZ,4.18,4.2,4.14,4.17,4.2,-0.03,-0.7143,478670.61,199740.033
000166.SZ,4.18,4.21,4.06,4.2,4.19,0.01,0.2387,772494.39,319104.128
000166.SZ,4.23,4.26,4.19,4.19,4.24,-0.05,-1.1792,398968.69,168902.43
000166.SZ,4.2,4.25,4.18,4.24,4.2,0.04,0.9524,521596.36,219799.366
000166.SZ,4.23,4.25,4.19,4.2,4.24,-0.04,-0.9434,458941.71,193655.94
000166.SZ,4.24,4.3,4.23,4.24,4.24,0.0,0.0,445787.32,189765.342
000166.SZ,4.22,4.27,4.21,4.24,4.23,0.01,0.2364,471308.04,199778.544
000166.SZ,4.24,4.28,4.21,4.23,4.24,-0.01,-0.2358,356756.24,151418.869
000166.SZ,4.26,4.29,4.2,4.24,4.26,-0.02,-0.4695,442294.11,187877.083
000166.SZ,4.36,4.36,4.25,4.26,4.37,-0.11,-2.5172,613648.95,263262.114
000166.SZ,4.35,4.45,4.33,4.37,4.34,0.03,0.6912,719905.24,316500.289
000166.SZ,4.37,4.38,4.32,4.34,4.38,-0.04,-0.9132,414283.0,179980.099
000166.SZ,4.37,4.41,4.36,4.38,4.37,0.01,0.2288,390342.79,171087.463
000166.SZ,4.44,4.45,4.37,4.37,4.44,-0.07,-1.5766,566732.62,249410.593
000166.SZ,4.45,4.47,4.43,4.44,4.46,-0.02,-0.4484,509531.37,226706.15
000166.SZ,4.4,4.48,4.39,4.46,4.4,0.06,1.3636,639952.17,284128.518
000166.SZ,4.36,4.42,4.33,4.4,4.36,0.04,0.9174,366412.08,160539.817
000166.SZ,4.4,4.41,4.35,4.36,4.41,-0.05,-1.1338,305557.48,133782.691
000166.SZ,4.37,4.42,4.36,4.41,4.39,0.02,0.4556,336477.87,147917.47
000166.SZ,4.34,4.44,4.32,4.39,4.34,0.05,1.1521,785160.93,344735.676
000166.SZ,4.35,4.37,4.32,4.34,4.36,-0.02,-0.4587,518769.72,225425.516
000166.SZ,4.46,4.47,4.36,4.36,4.46,-0.1,-2.2422,534538.11,235559.193
000166.SZ,4.47,4.49,4.43,4.46,4.47,-0.01,-0.2237,411919.85,183838.844
000166.SZ,4.48,4.52,4.45,4.47,4.48,-0.01,-0.2232,494571.28,221819.873
000166.SZ,4.53,4.55,4.48,4.48,4.52,-0.04,-0.885,443596.49,200075.462
000166.SZ,4.56,4.58,4.51,4.52,4.54,-0.02,-0.4405,342649.4,155564.48
000166.SZ,4.58,4.6,4.54,4.54,4.58,-0.04,-0.8734,419550.04,191493.822
000166.SZ,4.57,4.59,4.55,4.58,4.58,0.0,0.0,439821.58,201055.822
000166.SZ,4.52,4.59,4.43,4.58,4.52,0.06,1.3274,788264.68,354815.686
000166.SZ,4.55,4.58,4.51,4.52,4.55,-0.03,-0.6593,574888.29,261262.316
000166.SZ,4.47,4.57,4.45,4.55,4.47,0.08,1.7897,673013.82,304699.506
000166.SZ,4.5,4.52,4.46,4.47,4.5,-0.03,-0.6667,477079.14,213926.853
000166.SZ,4.59,4.59,4.49,4.5,4.6,-0.1,-2.1739,712672.15,324277.144
000166.SZ,4.57,4.63,4.56,4.6,4.58,0.02,0.4367,595832.43,273868.86
000166.SZ,4.52,4.59,4.51,4.58,4.51,0.07,1.5521,626561.61,285332.219
000166.SZ,4.5,4.53,4.48,4.51,4.49,0.02,0.4454,450212.89,203138.322
000166.SZ,4.55,4.57,4.48,4.49,4.55,-0.06,-1.3187,540298.97,244189.111
000166.SZ,4.55,4.58,4.52,4.55,4.56,-0.01,-0.2193,457756.69,208304.176
000166.SZ,4.54,4.58,4.49,4.56,4.56,0.0,0.0,730485.34,330651.715
000166.SZ,4.55,4.62,4.52,4.56,4.54,0.02,0.4405,638954.31,292182.596
000166.SZ,4.54,4.56,4.51,4.54,4.53,0.01,0.2208,386099.56,175109.29
000166.SZ,4.55,4.59,4.53,4.53,4.57,-0.04,-0.8753,386418.67,176103.164
000166.SZ,4.58,4.64,4.54,4.57,4.57,0.0,0.0,580936.44,266610.822
000166.SZ,4.62,4.64,4.53,4.57,4.62,-0.05,-1.0823,626396.03,286347.934
000166.SZ,4.59,4.63,4.58,4.62,4.6,0.02,0.4348,530073.61,244056.52
000166.SZ,4.62,4.66,4.59,4.6,4.63,-0.03,-0.6479,664417.16,307718.153
000166.SZ,4.65,4.71,4.61,4.63,4.61,0.02,0.4338,1298474.99,604384.869
000166.SZ,4.5,4.72,4.49,4.61,4.5,0.11,2.4444,1838606.96,850941.034
000166.SZ,4.51,4.52,4.47,4.5,4.53,-0.03,-0.6623,550368.35,247474.069
000166.SZ,4.51,4.54,4.5,4.53,4.51,0.02,0.4435,512195.54,231624.559
000166.SZ,4.52,4.54,4.49,4.51,4.53,-0.02,-0.4415,512157.45,231116.026
000166.SZ,4.59,4.62,4.5,4.53,4.59,-0.06,-1.3072,996594.78,454665.781
000166.SZ,4.52,4.61,4.5,4.59,4.54,0.05,1.1013,1072989.53,491223.117
000166.SZ,4.5,4.56,4.46,4.54,4.38,0.16,3.653,1491833.84,673829.044
000166.SZ,4.35,4.4,4.35,4.38,4.35,0.03,0.6897,400442.17,175277.364
000166.SZ,4.38,4.41,4.35,4.35,4.37,-0.02,-0.4577,421933.28,184743.081
000166.SZ,4.42,4.44,4.37,4.37,4.39,-0.02,-0.4556,535310.02,235195.193
000166.SZ,4.38,4.42,4.37,4.39,4.39,0.0,0.0,378843.97,166241.68
000166.SZ,4.43,4.43,4.38,4.39,4.43,-0.04,-0.9029,509631.45,224189.962
000166.SZ,4.38,4.45,4.37,4.43,4.39,0.04,0.9112,597289.18,263775.959
000166.SZ,4.35,4.41,4.34,4.39,4.37,0.02,0.4577,445192.46,194739.424
000166.SZ,4.39,4.41,4.36,4.37,4.35,0.02,0.4598,698395.66,306142.265
000166.SZ,4.22,4.36,4.21,4.35,4.2,0.15,3.5714,766672.3,328946.735
000166.SZ,4.31,4.32,4.19,4.2,4.33,-0.13,-3.0023,703516.8,298061.994
000166.SZ,4.32,4.37,4.31,4.33,4.34,-0.01,-0.2304,485842.31,210816.327
000166.SZ,4.36,4.41,4.34,4.34,4.38,-0.04,-0.9132,643414.67,281358.873
000166.SZ,4.42,4.44,4.37,4.38,4.43,-0.05,-1.1287,649845.58,286129.153
000166.SZ,4.41,4.46,4.38,4.43,4.39,0.04,0.9112,873709.17,386795.515
000166.SZ,4.37,4.43,4.33,4.39,4.38,0.01,0.2283,670762.97,294294.464
000166.SZ,4.35,4.4,4.33,4.38,4.39,-0.01,-0.2278,526595.51,229811.236
000166.SZ,4.38,4.45,4.35,4.39,4.31,0.08,1.8561,758239.97,332865.763
000166.SZ,4.32,4.37,4.3,4.31,4.31,0.0,0.0,533615.29,231134.645
000166.SZ,4.37,4.39,4.3,4.31,4.37,-0.06,-1.373,648983.51,281766.028
000166.SZ,4.32,4.39,4.28,4.37,4.33,0.04,0.9238,914198.32,397528.295
000166.SZ,4.35,4.37,4.32,4.33,4.34,-0.01,-0.2304,560050.34,243024.986
000166.SZ,4.35,4.37,4.33,4.34,4.35,-0.01,-0.2299,458146.66,199265.681
000166.SZ,4.36,4.38,4.34,4.35,4.36,-0.01,-0.2294,379369.9,165401.267
000166.SZ,4.4,4.4,4.35,4.36,4.41,-0.05,-1.1338,549779.51,240146.007
000166.SZ,4.29,4.43,4.29,4.41,4.3,0.11,2.5581,1168519.01,511728.427
000166.SZ,4.35,4.37,4.3,4.3,4.35,-0.05,-1.1494,578483.71,250589.227
000166.SZ,4.35,4.37,4.32,4.35,4.35,0.0,0.0,391229.17,170153.033
000166.SZ,4.37,4.38,4.34,4.35,4.36,-0.01,-0.2294,599943.03,261338.361
000166.SZ,4.34,4.37,4.32,4.36,4.35,0.01,0.2299,437902.9,190561.806
000166.SZ,4.36,4.39,4.34,4.35,4.35,0.0,0.0,728614.96,317783.11
000166.SZ,4.33,4.36,4.31,4.35,4.32,0.03,0.6944,578710.02,251097.784
000166.SZ,4.37,4.37,4.3,4.32,4.36,-0.04,-0.9174,595301.07,257455.543
000166.SZ,4.38,4.4,4.36,4.36,4.38,-0.02,-0.4566,406363.7,177746.285
000166.SZ,4.33,4.41,4.32,4.38,4.33,0.05,1.1547,822986.63,358930.48
000166.SZ,4.32,4.35,4.3,4.33,4.32,0.01,0.2315,460468.56,199077.912
000166.SZ,4.36,4.39,4.32,4.32,4.36,-0.04,-0.9174,593575.37,258297.688
000166.SZ,4.34,4.38,4.32,4.36,4.36,0.0,0.0,572862.97,249216.018
000166.SZ,4.42,4.43,4.34,4.36,4.43,-0.07,-1.5801,892650.35,390017.634
000166.SZ,4.39,4.44,4.35,4.43,4.37,0.06,1.373,909238.42,400582.088
000166.SZ,4.38,4.41,4.35,4.37,4.36,0.01,0.2294,737618.36,322308.704
000166.SZ,4.46,4.49,4.36,4.36,4.44,-0.08,-1.8018,915370.99,403937.596
000166.SZ,4.54,4.54,4.44,4.44,4.56,-0.12,-2.6316,1316469.64,590855.267
000166.SZ,4.62,4.67,4.48,4.56,4.67,-0.11,-2.3555,2257240.08,1031336.993
000166.SZ,5.12,5.12,4.66,4.67,4.65,0.02,0.4301,3576202.38,1736944.046
000166.SZ,4.6,4.69,4.58,4.65,4.61,0.04,0.8677,767941.68,356957.839
000166.SZ,4.65,4.69,4.59,4.61,4.59,0.02,0.4357,710107.6,328964.417
000166.SZ,4.66,4.69,4.58,4.59,4.69,-0.1,-2.1322,915756.43,424217.905
000166.SZ,4.68,4.71,4.62,4.69,4.64,0.05,1.0776,1044391.21,486839.3
000166.SZ,4.79,4.84,4.64,4.64,4.82,-0.18,-3.7344,1059165.77,500086.205
000166.SZ,4.9,4.97,4.8,4.82,4.9,-0.08,-1.6327,733087.34,358352.217
000166.SZ,4.93,4.94,4.82,4.9,4.93,-0.03,-0.6085,996905.22,486578.069
000166.SZ,4.87,5.0,4.82,4.93,4.88,0.05,1.0246,917474.69,451576.224
000166.SZ,4.82,4.88,4.8,4.88,4.83,0.05,1.0352,871054.61,422384.763
000166.SZ,4.85,4.88,4.79,4.83,4.93,-0.1,-2.0284,1112084.9,537567.631
000166.SZ,5.1,5.1,4.92,4.93,5.1,-0.17,-3.3333,1297122.67,646566.744
000166.SZ,5.09,5.14,5.06,5.13,5.08,0.05,0.9843,988659.97,504334.479
000166.SZ,5.11,5.15,5.06,5.08,5.11,-0.03,-0.5871,909406.41,463187.949
000166.SZ,5.06,5.21,4.96,5.11,5.11,0.0,0.0,1672657.5,852770.227
000166.SZ,5.1,5.14,5.01,5.11,5.16,-0.05,-0.969,1426065.86,726560.992
000166.SZ,5.16,5.32,5.1,5.16,5.1,0.06,1.1765,3156638.99,1642935.844
000166.SZ,5.01,5.12,4.93,5.1,4.99,0.11,2.2044,1470574.24,742571.162
000166.SZ,4.99,5.08,4.97,4.99,5.0,-0.01,-0.2,978848.61,490019.003
000166.SZ,5.02,5.1,4.97,5.0,5.04,-0.04,-0.7937,1659285.6,833439.97
000166.SZ,5.12,5.23,5.03,5.04,5.09,-0.05,-0.9823,2208461.74,1129763.906
000166.SZ,4.8,5.13,4.78,5.09,4.8,0.29,6.0417,2364204.28,1181821.789
000166.SZ,4.84,4.86,4.79,4.8,4.83,-0.03,-0.6211,430666.43,207906.049
000166.SZ,4.86,4.91,4.8,4.83,4.86,-0.03,-0.6173,648647.52,314629.048
000166.SZ,4.82,4.9,4.72,4.86,4.65,0.21,4.5161,1529795.55,737486.86
000166.SZ,4.65,4.69,4.61,4.65,4.66,-0.01,-0.2146,410868.19,191218.864
000166.SZ,4.65,4.69,4.63,4.66,4.65,0.01,0.2151,246985.13,115099.103
000166.SZ,4.7,4.71,4.64,4.65,4.68,-0.03,-0.641,288906.3,135331.912
000166.SZ,4.66,4.7,4.66,4.68,4.67,0.01,0.2141,433280.98,202702.466
000166.SZ,4.68,4.71,4.66,4.67,4.69,-0.02,-0.4264,236377.16,110678.309
000166.SZ,4.69,4.71,4.65,4.69,4.7,-0.01,-0.2128,255271.3,119515.822
000166.SZ,4.7,4.72,4.68,4.7,4.7,0.0,0.0,273170.21,128269.643
000166.SZ,4.66,4.71,4.6,4.7,4.64,0.06,1.2931,419408.26,196764.089
000166.SZ,4.67,4.7,4.62,4.64,4.66,-0.02,-0.4292,273814.4,127680.877
000166.SZ,4.68,4.71,4.66,4.66,4.69,-0.03,-0.6397,267088.58,124845.262
000166.SZ,4.62,4.7,4.62,4.69,4.61,0.08,1.7354,497563.88,232480.337
000166.SZ,4.55,4.62,4.53,4.61,4.55,0.06,1.3187,239695.44,109922.619
000166.SZ,4.56,4.61,4.54,4.55,4.56,-0.01,-0.2193,255599.23,116881.411
000166.SZ,4.6,4.62,4.55,4.56,4.61,-0.05,-1.0846,268388.55,122691.388
000166.SZ,4.63,4.65,4.59,4.61,4.65,-0.04,-0.8602,268247.29,123869.928
000166.SZ,4.64,4.66,4.6,4.65,4.62,0.03,0.6494,370705.41,171822.187
000166.SZ,4.53,4.63,4.51,4.62,4.54,0.08,1.7621,425486.3,195115.243
000166.SZ,4.49,4.55,4.46,4.54,4.49,0.05,1.1136,336489.18,151744.582
000166.SZ,4.48,4.5,4.43,4.49,4.47,0.02,0.4474,366345.88,163413.091
000166.SZ,4.43,4.48,4.43,4.47,4.43,0.04,0.9029,255747.86,114086.187
000166.SZ,4.51,4.53,4.42,4.43,4.54,-0.11,-2.4229,561658.89,251039.567
000166.SZ,4.6,4.62,4.53,4.54,4.6,-0.06,-1.3043,338809.7,155080.77
000166.SZ,4.6,4.65,4.57,4.6,4.61,-0.01,-0.2169,337347.01,155750.913
000166.SZ,4.64,4.65,4.58,4.61,4.64,-0.03,-0.6466,312207.12,143794.913
000166.SZ,4.58,4.67,4.57,4.64,4.58,0.06,1.31,534677.96,246958.708
000166.SZ,4.51,4.61,4.5,4.58,4.51,0.07,1.5521,488591.07,222638.297
000166.SZ,4.52,4.57,4.5,4.51,4.5,0.01,0.2222,350176.27,158616.472
000166.SZ,4.49,4.52,4.48,4.5,4.49,0.01,0.2227,272623.9,122651.346
000166.SZ,4.57,4.58,4.48,4.49,4.58,-0.09,-1.9651,452903.78,204818.637
000166.SZ,4.62,4.63,4.56,4.58,4.62,-0.04,-0.8658,352291.84,161533.603
000166.SZ,4.55,4.63,4.53,4.62,4.55,0.07,1.5385,373041.96,171167.612
000166.SZ,4.54,4.6,4.53,4.55,4.54,0.01,0.2203,342326.09,156092.16
000166.SZ,4.62,4.65,4.53,4.54,4.63,-0.09,-1.9438,515420.25,236619.844
000166.SZ,4.7,4.71,4.62,4.63,4.69,-0.06,-1.2793,389018.36,181261.289
000166.SZ,4.67,4.71,4.64,4.69,4.67,0.02,0.4283,410533.72,192173.146
000166.SZ,4.72,4.78,4.66,4.67,4.72,-0.05,-1.0593,515800.4,243186.655
000166.SZ,4.72,4.75,4.68,4.72,4.72,0.0,0.0,453772.88,213838.437
000166.SZ,4.7,4.77,4.67,4.72,4.72,0.0,0.0,438652.97,207010.704
000166.SZ,4.74,4.76,4.68,4.72,4.74,-0.02,-0.4219,534008.25,251976.845
000166.SZ,4.67,4.75,4.62,4.74,4.68,0.06,1.2821,596124.54,280653.145
000166.SZ,4.64,4.69,4.58,4.68,4.62,0.06,1.2987,657413.27,303998.231
000166.SZ,4.59,4.69,4.57,4.62,4.6,0.02,0.4348,915615.89,424267.177
000166.SZ,4.71,4.73,4.59,4.6,4.7,-0.1,-2.1277,604016.46,280669.007
000166.SZ,4.69,4.73,4.67,4.7,4.7,0.0,0.0,445210.05,209110.661
000166.SZ,4.72,4.74,4.67,4.7,4.72,-0.02,-0.4237,550196.04,258629.067
000166.SZ,4.76,4.8,4.7,4.72,4.76,-0.04,-0.8403,583980.93,277028.679
000166.SZ,4.73,4.8,4.68,4.76,4.74,0.02,0.4219,669770.1,318230.042
000166.SZ,4.77,4.84,4.71,4.74,4.76,-0.02,-0.4202,808162.7,385749.658
000166.SZ,4.76,4.81,4.59,4.76,4.76,0.0,0.0,1593421.15,745876.58
000166.SZ,4.8,4.81,4.73,4.76,4.79,-0.03,-0.6263,857499.87,408240.981
000166.SZ,4.79,4.84,4.72,4.79,4.76,0.03,0.6303,1239512.57,593064.653
000166.SZ,4.84,4.94,4.71,4.76,4.89,-0.13,-2.6585,2341521.34,1120987.114
000166.SZ,4.91,5.15,4.85,4.89,4.89,0.0,0.0,3875533.47,1942844.997
000166.SZ,4.82,4.95,4.77,4.89,4.81,0.08,1.6632,2241770.96,1093218.547
000166.SZ,4.69,4.97,4.69,4.81,4.67,0.14,2.9979,2303820.97,1114649.237
000166.SZ,4.52,4.69,4.49,4.67,4.52,0.15,3.3186,1523522.02,704769.618
000166.SZ,4.46,4.56,4.44,4.52,4.46,0.06,1.3453,1074125.17,484609.049
000166.SZ,4.36,4.48,4.35,4.46,4.38,0.08,1.8265,1035365.81,457368.524
000166.SZ,4.38,4.39,4.31,4.38,4.39,-0.01,-0.2278,752818.61,327991.819
000166.SZ,4.34,4.43,4.33,4.39,4.34,0.05,1.1521,790812.07,345807.412
000166.SZ,4.4,4.43,4.32,4.34,4.4,-0.06,-1.3636,792994.75,346914.979
000166.SZ,4.54,4.54,4.39,4.4,4.52,-0.12,-2.6549,1137277.1,505185.684
000166.SZ,4.48,4.54,4.45,4.52,4.5,0.02,0.4444,951842.43,427614.004
000166.SZ,4.47,4.55,4.46,4.5,4.49,0.01,0.2227,1195479.54,537888.58
000166.SZ,4.49,4.57,4.46,4.49,4.5,-0.01,-0.2222,1351936.1,607904.667
000166.SZ,4.29,4.6,4.29,4.5,4.24,0.26,6.1321,2870862.99,1280427.594
000166.SZ,4.25,4.26,4.21,4.24,4.23,0.01,0.2364,371864.94,157646.744
000166.SZ,4.26,4.26,4.23,4.23,4.27,-0.04,-0.9368,409764.62,173922.803
000166.SZ,4.25,4.29,4.24,4.27,4.25,0.02,0.4706,477313.21,203435.063
000166.SZ,4.23,4.29,4.22,4.25,4.22,0.03,0.7109,712538.74,303759.84
000166.SZ,4.26,4.27,4.21,4.22,4.24,-0.02,-0.4717,478342.67,203076.586
000166.SZ,4.24,4.26,4.22,4.24,4.23,0.01,0.2364,454788.87,192794.268
000166.SZ,4.25,4.26,4.22,4.23,4.25,-0.02,-0.4706,392540.91,166354.095
000166.SZ,4.25,4.27,4.22,4.25,4.24,0.01,0.2358,624897.65,265538.533
000166.SZ,4.17,4.25,4.16,4.24,4.17,0.07,1.6787,879262.4,370799.188
000166.SZ,4.19,4.2,4.17,4.17,4.2,-0.03,-0.7143,328666.11,137408.79
000166.SZ,4.19,4.22,4.14,4.2,4.18,0.02,0.4785,414309.09,173155.492
000166.SZ,4.21,4.22,4.16,4.18,4.2,-0.02,-0.4762,285919.92,119549.111
000166.SZ,4.21,4.22,4.19,4.2,4.21,-0.01,-0.2375,293334.0,123340.63
000166.SZ,4.22,4.24,4.18,4.21,4.22,-0.01,-0.237,373605.33,157319.885
000166.SZ,4.23,4.24,4.19,4.22,4.23,-0.01,-0.2364,393676.35,166054.739
000166.SZ,4.17,4.23,4.16,4.23,4.18,0.05,1.1962,467366.31,196271.485
000166.SZ,4.18,4.19,4.15,4.18,4.17,0.01,0.2398,356858.45,148846.45
000166.SZ,4.15,4.18,4.13,4.17,4.13,0.04,0.9685,300482.7,124894.475
000166.SZ,4.16,4.2,4.13,4.13,4.16,-0.03,-0.7212,471389.12,196364.551
000166.SZ,4.14,4.2,4.13,4.16,4.12,0.04,0.9709,539342.97,224868.761
000166.SZ,4.13,4.15,4.11,4.12,4.15,-0.03,-0.7229,276389.94,114197.085
000166.SZ,4.13,4.16,4.12,4.15,4.11,0.04,0.9732,292999.59,121444.693
000166.SZ,4.14,4.15,4.1,4.11,4.15,-0.04,-0.9639,407320.11,167862.124
000166.SZ,4.13,4.16,4.11,4.15,4.14,0.01,0.2415,437876.06,180957.478
000166.SZ,4.17,4.18,4.13,4.14,4.18,-0.04,-0.9569,418802.48,173912.75
000166.SZ,4.2,4.21,4.17,4.18,4.2,-0.02,-0.4762,300101.86,125662.705
000166.SZ,4.2,4.22,4.18,4.2,4.21,-0.01,-0.2375,370235.76,155354.83
000166.SZ,4.24,4.28,4.21,4.21,4.24,-0.03,-0.7075,657144.78,279112.047
000166.SZ,4.29,4.3,4.23,4.24,4.28,-0.04,-0.9346,492322.44,209388.424
000166.SZ,4.27,4.29,4.24,4.28,4.25,0.03,0.7059,597565.33,255055.76
000166.SZ,4.25,4.27,4.23,4.25,4.25,0.0,0.0,547365.04,232971.572
000166.SZ,4.22,4.26,4.2,4.25,4.22,0.03,0.7109,615306.19,260589.994
000166.SZ,4.18,4.22,4.16,4.22,4.18,0.04,0.9569,372922.26,156283.693
000166.SZ,4.19,4.22,4.17,4.18,4.22,-0.04,-0.9479,316867.35,132800.72
000166.SZ,4.24,4.26,4.19,4.22,4.24,-0.02,-0.4717,376794.3,159046.669
000166.SZ,4.23,4.28,4.22,4.24,4.22,0.02,0.4739,537470.98,228380.148
000166.SZ,4.22,4.25,4.21,4.22,4.24,-0.02,-0.4717,424096.12,179394.276
000166.SZ,4.23,4.24,4.2,4.24,4.23,0.01,0.2364,557019.5,235313.111
000166.SZ,4.15,4.24,4.13,4.23,4.11,0.12,2.9197,897233.99,376455.412
000166.SZ,4.15,4.17,4.1,4.11,4.15,-0.04,-0.9639,465299.9,192480.118
000166.SZ,4.19,4.25,4.12,4.15,4.18,-0.03,-0.7177,791120.03,332305.105
000166.SZ,4.21,4.21,4.17,4.18,4.2,-0.02,-0.4762,296600.59,124216.169
000166.SZ,4.2,4.22,4.18,4.2,4.2,0.0,0.0,330933.76,138955.834
000166.SZ,4.17,4.21,4.16,4.2,4.17,0.03,0.7194,377279.27,158241.236
000166.SZ,4.18,4.21,4.16,4.17,4.19,-0.02,-0.4773,313156.28,130921.865
000166.SZ,4.13,4.19,4.12,4.19,4.14,0.05,1.2077,393474.74,163982.063
000166.SZ,4.19,4.2,4.13,4.14,4.18,-0.04,-0.9569,405644.05,168711.275
000166.SZ,4.18,4.2,4.15,4.18,4.18,0.0,0.0,451717.47,188656.4
000166.SZ,4.2,4.2,4.16,4.18,4.2,-0.02,-0.4762,394754.52,165175.015
000166.SZ,4.22,4.25,4.17,4.2,4.24,-0.04,-0.9434,762166.46,320639.527
000166.SZ,4.36,4.39,4.23,4.24,4.23,0.01,0.2364,1602640.74,687263.31
000166.SZ,4.17,4.25,4.15,4.23,4.15,0.08,1.9277,674153.03,282882.769
000166.SZ,4.18,4.2,4.14,4.15,4.18,-0.03,-0.7177,558120.24,232353.059
000166.SZ,4.25,4.27,4.17,4.18,4.21,-0.03,-0.7126,708724.26,298159.184
000166.SZ,4.23,4.24,4.19,4.21,4.24,-0.03,-0.7075,737490.55,310207.561
000166.SZ,4.18,4.24,4.16,4.24,4.18,0.06,1.4354,725277.93,305546.237
000166.SZ,4.18,4.2,4.17,4.18,4.18,0.0,0.0,528154.57,221271.428
000166.SZ,4.15,4.19,4.13,4.18,4.15,0.03,0.7229,792101.49,329701.195
000166.SZ,4.07,4.21,4.06,4.15,4.07,0.08,1.9656,1510511.13,627366.366
000166.SZ,4.03,4.07,4.01,4.07,4.02,0.05,1.2438,557784.42,225287.906
000166.SZ,4.0,4.03,3.98,4.02,4.01,0.01,0.2494,333684.0,133573.02
000166.SZ,4.02,4.04,4.0,4.01,4.02,-0.01,-0.2488,257487.71,103502.718
000166.SZ,4.04,4.06,4.01,4.02,4.03,-0.01,-0.2481,371760.14,150036.578
000166.SZ,4.01,4.07,4.01,4.03,4.01,0.02,0.4988,445628.74,180014.947
000166.SZ,4.01,4.03,4.0,4.01,4.02,-0.01,-0.2488,327662.66,131511.99
000166.SZ,4.0,4.03,3.99,4.02,3.99,0.03,0.7519,407370.18,163437.19
000166.SZ,3.98,4.0,3.97,3.99,3.98,0.01,0.2513,330257.65,131632.789
000166.SZ,3.97,4.0,3.93,3.98,3.98,0.0,0.0,464931.85,184020.303
